<keymap version="1" name="GNOME copy" parent="Default for GNOME">
  <action id="Graph.AlignNodes.Right" />
  <action id="Refactorings.QuickListPopupAction">
    <keyboard-shortcut first-keystroke="shift ctrl alt comma" />
  </action>
  <action id="RenameElement">
    <keyboard-shortcut first-keystroke="shift f6" />
    <keyboard-shortcut first-keystroke="shift alt r" />
  </action>
  <action id="RerunTests" />
  <action id="SurroundWith">
    <keyboard-shortcut first-keystroke="ctrl alt comma" />
  </action>
</keymap>